ref,format_id,predicted_hard,expected_coverage,face_presence,identity_verdict,provider,take,clip_path,identity_min,rating,failure_tags,notes
battery-apparel-alt_h3max_turbo-30,apparel,no,,1.000,pass,alt_h3max_turbo,30,spike/runs/battery/clips/battery-apparel-alt_h3max_turbo-30,0.9792,,,
battery-apparel-alt_h3max_turbo-31,apparel,no,,0.900,pass,alt_h3max_turbo,31,spike/runs/battery/clips/battery-apparel-alt_h3max_turbo-31,0.9807,,,
battery-apparel-alt_h3max_turbo-40,apparel,no,,0.600,fail,alt_h3max_turbo,40,spike/runs/battery/clips/battery-apparel-alt_h3max_turbo-40,0.8605,,,
battery-apparel-alt_h3max_turbo-41,apparel,no,,0.800,indeterminate,alt_h3max_turbo,41,spike/runs/battery/clips/battery-apparel-alt_h3max_turbo-41,0.9372,,,
battery-apparel-fast-0,apparel,no,,1.000,pass,fast,0,spike/runs/battery/clips/battery-apparel-fast-0,0.9696,5,,owner: looks good
battery-ball_flight-alt_h3max_turbo-30,ball_flight,yes,,0.200,fail,alt_h3max_turbo,30,spike/runs/battery/clips/battery-ball_flight-alt_h3max_turbo-30,0.9485,,,
battery-ball_flight-alt_h3max_turbo-31,ball_flight,yes,,0.500,indeterminate,alt_h3max_turbo,31,spike/runs/battery/clips/battery-ball_flight-alt_h3max_turbo-31,0.9240,,,
battery-ball_flight-alt_h3max_turbo-40,ball_flight,yes,,0.400,indeterminate,alt_h3max_turbo,40,spike/runs/battery/clips/battery-ball_flight-alt_h3max_turbo-40,0.9713,,,
battery-ball_flight-alt_h3max_turbo-41,ball_flight,yes,,0.600,indeterminate,alt_h3max_turbo,41,spike/runs/battery/clips/battery-ball_flight-alt_h3max_turbo-41,0.9603,,,
battery-ball_flight-fast-0,ball_flight,yes,,0.250,indeterminate,fast,0,spike/runs/battery/clips/battery-ball_flight-fast-0,0.9703,4,club_distortion|ball,"owner: looks good, club detail and ball a bit off. Tags inferred from the prompt containing a club/ball, not rated per shot"
battery-ball_flight-fast-1,ball_flight,yes,,0.250,indeterminate,fast,1,spike/runs/battery/clips/battery-ball_flight-fast-1,0.9809,2,contact_physics|swing_plane|ball,"owner: ""aren't good from a golf swing/physics perspective""; on a second look, ""ball flight does have a ball in it... but low flight and no swing"". The ball is rendered and the swing is not. Rejected on review, not numerically scored -- the 2 encodes reject."
battery-chip-alt_h3max_turbo-30,chip,yes,,0.400,indeterminate,alt_h3max_turbo,30,spike/runs/battery/clips/battery-chip-alt_h3max_turbo-30,0.9523,,,
battery-chip-alt_h3max_turbo-31,chip,yes,,0.300,indeterminate,alt_h3max_turbo,31,spike/runs/battery/clips/battery-chip-alt_h3max_turbo-31,0.9871,,,
battery-chip-alt_h3max_turbo-40,chip,yes,,0.300,indeterminate,alt_h3max_turbo,40,spike/runs/battery/clips/battery-chip-alt_h3max_turbo-40,0.9794,,,
battery-chip-alt_h3max_turbo-41,chip,yes,,0.900,pass,alt_h3max_turbo,41,spike/runs/battery/clips/battery-chip-alt_h3max_turbo-41,0.9655,,,
battery-chip-fast-0,chip,yes,,0.375,indeterminate,fast,0,spike/runs/battery/clips/battery-chip-fast-0,0.8352,4,club_distortion|ball,"owner: looks good, club detail and ball a bit off. Tags inferred from the prompt containing a club/ball, not rated per shot"
battery-chip-fast-1,chip,yes,,0.625,pass,fast,1,spike/runs/battery/clips/battery-chip-fast-1,0.9624,,,owner reviewed the take-2 set and flagged only ball_flight and putting_stroke; this clip was not flagged. Not a numeric score.
battery-clubhouse-alt_h3max_turbo-30,clubhouse,no,,1.000,pass,alt_h3max_turbo,30,spike/runs/battery/clips/battery-clubhouse-alt_h3max_turbo-30,0.9702,,,
battery-clubhouse-alt_h3max_turbo-31,clubhouse,no,,1.000,pass,alt_h3max_turbo,31,spike/runs/battery/clips/battery-clubhouse-alt_h3max_turbo-31,0.9663,,,
battery-clubhouse-alt_h3max_turbo-40,clubhouse,no,,1.000,indeterminate,alt_h3max_turbo,40,spike/runs/battery/clips/battery-clubhouse-alt_h3max_turbo-40,0.9545,,,
battery-clubhouse-alt_h3max_turbo-41,clubhouse,no,,1.000,indeterminate,alt_h3max_turbo,41,spike/runs/battery/clips/battery-clubhouse-alt_h3max_turbo-41,0.9549,,,
battery-clubhouse-fast-0,clubhouse,no,,1.000,pass,fast,0,spike/runs/battery/clips/battery-clubhouse-fast-0,0.9690,5,,owner: looks good
battery-clubhouse-fast-1,clubhouse,no,,1.000,pass,fast,1,spike/runs/battery/clips/battery-clubhouse-fast-1,0.9736,,,owner reviewed the take-2 set and flagged only ball_flight and putting_stroke; this clip was not flagged. Not a numeric score.
battery-equipment_closeup-alt_h3max_turbo-30,equipment_closeup,no,,0.800,indeterminate,alt_h3max_turbo,30,spike/runs/battery/clips/battery-equipment_closeup-alt_h3max_turbo-30,0.9216,,,
battery-equipment_closeup-alt_h3max_turbo-31,equipment_closeup,no,,1.000,pass,alt_h3max_turbo,31,spike/runs/battery/clips/battery-equipment_closeup-alt_h3max_turbo-31,0.9640,,,
battery-equipment_closeup-alt_h3max_turbo-40,equipment_closeup,no,,0.200,indeterminate,alt_h3max_turbo,40,spike/runs/battery/clips/battery-equipment_closeup-alt_h3max_turbo-40,0.9857,,,
battery-equipment_closeup-alt_h3max_turbo-41,equipment_closeup,no,,0.400,indeterminate,alt_h3max_turbo,41,spike/runs/battery/clips/battery-equipment_closeup-alt_h3max_turbo-41,0.9716,,,
battery-equipment_closeup-fast-0,equipment_closeup,no,,1.000,fail,fast,0,spike/runs/battery/clips/battery-equipment_closeup-fast-0,0.9539,4,club_distortion|ball,"owner: looks good, club detail and ball a bit off. Tags inferred from the prompt containing a club/ball, not rated per shot"
battery-equipment_closeup-fast-1,equipment_closeup,no,,1.000,pass,fast,1,spike/runs/battery/clips/battery-equipment_closeup-fast-1,0.9656,,,owner reviewed the take-2 set and flagged only ball_flight and putting_stroke; this clip was not flagged. Not a numeric score.
battery-full_swing_address-alt_h3max_turbo-30,full_swing_address,yes,,0.300,indeterminate,alt_h3max_turbo,30,spike/runs/battery/clips/battery-full_swing_address-alt_h3max_turbo-30,0.9146,,,
battery-full_swing_address-alt_h3max_turbo-31,full_swing_address,yes,,0.600,fail,alt_h3max_turbo,31,spike/runs/battery/clips/battery-full_swing_address-alt_h3max_turbo-31,0.9276,,,
battery-full_swing_address-alt_h3max_turbo-40,full_swing_address,yes,,0.500,pass,alt_h3max_turbo,40,spike/runs/battery/clips/battery-full_swing_address-alt_h3max_turbo-40,0.9693,,,
battery-full_swing_address-alt_h3max_turbo-41,full_swing_address,yes,,0.800,fail,alt_h3max_turbo,41,spike/runs/battery/clips/battery-full_swing_address-alt_h3max_turbo-41,0.9330,4,,"owner 2026-09-28: ""They all look OK"". Gate check set -- the gate had FAILED this clip on identity before the owner saw it, so this is a FALSE POSITIVE for the gate."
battery-full_swing_address-fast-0,full_swing_address,yes,,1.000,fail,fast,0,spike/runs/battery/clips/battery-full_swing_address-fast-0,0.9276,4,club_distortion|ball,"owner: looks good, club detail and ball a bit off. Tags inferred from the prompt containing a club/ball, not rated per shot"
battery-full_swing_follow-alt_h3max_turbo-20,full_swing_follow,yes,,0.600,indeterminate,alt_h3max_turbo,20,spike/runs/battery/clips/battery-full_swing_follow-alt_h3max_turbo-20,0.9481,4,,"owner 2026-09-28: ""Swings are good"". Rated on that general verdict; the owner singled out only take 3, so nothing shot-specific is claimed here."
battery-full_swing_follow-alt_h3max_turbo-21,full_swing_follow,yes,,0.100,indeterminate,alt_h3max_turbo,21,spike/runs/battery/clips/battery-full_swing_follow-alt_h3max_turbo-21,0.9894,4,,"owner 2026-09-28: ""Swings are good"". Rated on that general verdict; the owner singled out only take 3, so nothing shot-specific is claimed here."
battery-full_swing_follow-alt_h3max_turbo-22,full_swing_follow,yes,,0.100,indeterminate,alt_h3max_turbo,22,spike/runs/battery/clips/battery-full_swing_follow-alt_h3max_turbo-22,0.9884,4,,"owner 2026-09-28: ""Swings are good"". Rated on that general verdict; the owner singled out only take 3, so nothing shot-specific is claimed here."
battery-full_swing_follow-alt_h3max_turbo-30,full_swing_follow,yes,,0.500,fail,alt_h3max_turbo,30,spike/runs/battery/clips/battery-full_swing_follow-alt_h3max_turbo-30,0.9237,,,
battery-full_swing_follow-alt_h3max_turbo-31,full_swing_follow,yes,,0.400,indeterminate,alt_h3max_turbo,31,spike/runs/battery/clips/battery-full_swing_follow-alt_h3max_turbo-31,0.9250,,,
battery-full_swing_follow-alt_h3max_turbo-40,full_swing_follow,yes,,0.400,indeterminate,alt_h3max_turbo,40,spike/runs/battery/clips/battery-full_swing_follow-alt_h3max_turbo-40,0.9687,,,
battery-full_swing_follow-alt_h3max_turbo-41,full_swing_follow,yes,,0.500,pass,alt_h3max_turbo,41,spike/runs/battery/clips/battery-full_swing_follow-alt_h3max_turbo-41,0.9673,4,club_distortion,"owner 2026-09-28: ""They all look OK. I'd argue the driver in the last video doesn't look real."" Usable, club geometry wrong. The gate passed it on identity and was right to -- club geometry is not a face, and nothing in the harness measures it."
battery-full_swing_follow-fast-0,full_swing_follow,yes,,1.000,pass,fast,0,spike/runs/battery/clips/battery-full_swing_follow-fast-0,0.9829,4,club_distortion|ball,"owner: looks good, club detail and ball a bit off. Tags inferred from the prompt containing a club/ball, not rated per shot"
battery-full_swing_follow-fast-1,full_swing_follow,yes,,0.375,indeterminate,fast,1,spike/runs/battery/clips/battery-full_swing_follow-fast-1,0.9866,,,owner reviewed the take-2 set and flagged only ball_flight and putting_stroke; this clip was not flagged. Not a numeric score.
battery-full_swing_impact-alt_h3max_turbo-20,full_swing_impact,yes,,0.300,indeterminate,alt_h3max_turbo,20,spike/runs/battery/clips/battery-full_swing_impact-alt_h3max_turbo-20,0.9872,4,background,"owner 2026-09-28: ""Swings are good ... your comments on the ground impact are valid"". The swing is accepted; the debris thrown up at contact is confirmed as a defect. Tagged background for want of a closer tag -- the debris is on the turf, not on the club or ball."
battery-full_swing_impact-alt_h3max_turbo-21,full_swing_impact,yes,,0.300,indeterminate,alt_h3max_turbo,21,spike/runs/battery/clips/battery-full_swing_impact-alt_h3max_turbo-21,0.9894,4,,"owner 2026-09-28: ""Swings are good"". Rated on that general verdict; the owner singled out only take 3, so nothing shot-specific is claimed here."
battery-full_swing_impact-alt_h3max_turbo-22,full_swing_impact,yes,,0.300,fail,alt_h3max_turbo,22,spike/runs/battery/clips/battery-full_swing_impact-alt_h3max_turbo-22,0.9106,2,face_drift,"owner 2026-09-28: ""take three is a different person"". REJECT. The identity gate independently failed this clip at 0.9106 against a 0.9609 threshold before the owner saw it -- the first true positive the gate has produced in this spike."
battery-full_swing_impact-alt_h3max_turbo-30,full_swing_impact,yes,,0.600,fail,alt_h3max_turbo,30,spike/runs/battery/clips/battery-full_swing_impact-alt_h3max_turbo-30,0.9164,,,
battery-full_swing_impact-alt_h3max_turbo-31,full_swing_impact,yes,,0.300,indeterminate,alt_h3max_turbo,31,spike/runs/battery/clips/battery-full_swing_impact-alt_h3max_turbo-31,0.9817,,,
battery-full_swing_impact-alt_h3max_turbo-40,full_swing_impact,yes,,0.600,pass,alt_h3max_turbo,40,spike/runs/battery/clips/battery-full_swing_impact-alt_h3max_turbo-40,0.9794,4,,"owner 2026-09-28: ""They all look OK"". Gate check set -- the gate passed this clip, and the owner agrees."
battery-full_swing_impact-alt_h3max_turbo-41,full_swing_impact,yes,,0.700,pass,alt_h3max_turbo,41,spike/runs/battery/clips/battery-full_swing_impact-alt_h3max_turbo-41,0.9673,,,
battery-full_swing_impact-fast-0,full_swing_impact,yes,,0.625,pass,fast,0,spike/runs/battery/clips/battery-full_swing_impact-fast-0,0.9746,4,club_distortion|ball,"owner: looks good, club detail and ball a bit off. Tags inferred from the prompt containing a club/ball, not rated per shot"
battery-full_swing_impact-fast-1,full_swing_impact,yes,,0.250,indeterminate,fast,1,spike/runs/battery/clips/battery-full_swing_impact-fast-1,0.9661,,,owner reviewed the take-2 set and flagged only ball_flight and putting_stroke; this clip was not flagged. Not a numeric score.
battery-full_swing_top-alt_h3max_turbo-30,full_swing_top,yes,,0.200,fail,alt_h3max_turbo,30,spike/runs/battery/clips/battery-full_swing_top-alt_h3max_turbo-30,0.9550,,,
battery-full_swing_top-alt_h3max_turbo-31,full_swing_top,yes,,0.100,indeterminate,alt_h3max_turbo,31,spike/runs/battery/clips/battery-full_swing_top-alt_h3max_turbo-31,0.9924,,,
battery-full_swing_top-alt_h3max_turbo-40,full_swing_top,yes,,0.400,indeterminate,alt_h3max_turbo,40,spike/runs/battery/clips/battery-full_swing_top-alt_h3max_turbo-40,0.9745,,,
battery-full_swing_top-alt_h3max_turbo-41,full_swing_top,yes,,0.400,indeterminate,alt_h3max_turbo,41,spike/runs/battery/clips/battery-full_swing_top-alt_h3max_turbo-41,0.7883,,,
battery-full_swing_top-fast-0,full_swing_top,yes,,0.250,indeterminate,fast,0,spike/runs/battery/clips/battery-full_swing_top-fast-0,0.9704,4,club_distortion|ball,"owner: looks good, club detail and ball a bit off. Tags inferred from the prompt containing a club/ball, not rated per shot"
battery-full_swing_top-fast-1,full_swing_top,yes,,1.000,pass,fast,1,spike/runs/battery/clips/battery-full_swing_top-fast-1,0.9625,,,owner reviewed the take-2 set and flagged only ball_flight and putting_stroke; this clip was not flagged. Not a numeric score.
battery-putting_stroke-alt_gemini-10,putting_stroke,yes,,0.000,indeterminate,alt_gemini,10,spike/runs/battery/clips/battery-putting_stroke-alt_gemini-10,,,,"reviewed alongside turbo 2026-09-28; the owner named turbo and said nothing about this one. Not selected is not rejected, so no verdict is recorded."
battery-putting_stroke-alt_h3max-10,putting_stroke,yes,,0.000,indeterminate,alt_h3max,10,spike/runs/battery/clips/battery-putting_stroke-alt_h3max-10,,,,"reviewed alongside turbo 2026-09-28; the owner named turbo and said nothing about this one. Not selected is not rejected, so no verdict is recorded."
battery-putting_stroke-alt_h3max_turbo-10,putting_stroke,yes,,0.000,indeterminate,alt_h3max_turbo,10,spike/runs/battery/clips/battery-putting_stroke-alt_h3max_turbo-10,,4,,"owner 2026-09-28: ""turbo looks ok"", chosen out of the three rival models. The first club-and-ball clip in this project the owner has not rejected on physics. n=1."
battery-putting_stroke-alt_h3max_turbo-11,putting_stroke,yes,,0.000,indeterminate,alt_h3max_turbo,11,spike/runs/battery/clips/battery-putting_stroke-alt_h3max_turbo-11,,,,
battery-putting_stroke-alt_h3max_turbo-12,putting_stroke,yes,,0.000,indeterminate,alt_h3max_turbo,12,spike/runs/battery/clips/battery-putting_stroke-alt_h3max_turbo-12,,,,
battery-putting_stroke-alt_h3max_turbo-30,putting_stroke,yes,,0.400,indeterminate,alt_h3max_turbo,30,spike/runs/battery/clips/battery-putting_stroke-alt_h3max_turbo-30,0.9304,,,
battery-putting_stroke-alt_h3max_turbo-31,putting_stroke,yes,,0.300,indeterminate,alt_h3max_turbo,31,spike/runs/battery/clips/battery-putting_stroke-alt_h3max_turbo-31,0.9889,,,
battery-putting_stroke-alt_h3max_turbo-40,putting_stroke,yes,,0.900,fail,alt_h3max_turbo,40,spike/runs/battery/clips/battery-putting_stroke-alt_h3max_turbo-40,0.8925,4,,"owner 2026-09-28: ""They all look OK"". Gate check set -- the gate had FAILED this clip on identity before the owner saw it, so this is a FALSE POSITIVE for the gate."
battery-putting_stroke-alt_h3max_turbo-41,putting_stroke,yes,,0.300,indeterminate,alt_h3max_turbo,41,spike/runs/battery/clips/battery-putting_stroke-alt_h3max_turbo-41,0.9849,,,
battery-putting_stroke-fast-0,putting_stroke,yes,,0.625,fail,fast,0,spike/runs/battery/clips/battery-putting_stroke-fast-0,0.9303,4,club_distortion|ball,"owner: looks good, club detail and ball a bit off. Tags inferred from the prompt containing a club/ball, not rated per shot"
battery-putting_stroke-fast-1,putting_stroke,yes,,0.250,indeterminate,fast,1,spike/runs/battery/clips/battery-putting_stroke-fast-1,0.9829,2,contact_physics|swing_plane,"owner: ""aren't good from a golf swing/physics perspective"". Frame inspection: the ball sits on the far side of the putter face and the stroke is never made. Rejected on review, not numerically scored -- the 2 encodes reject."
battery-putting_stroke-fast-2,putting_stroke,yes,,0.000,indeterminate,fast,2,spike/runs/battery/clips/battery-putting_stroke-fast-2,,2,contact_physics|swing_plane,"owner: ""She doesn't address the ball, she practices behind it then never addresses the ball. In the first video, she puts, misses the ball and the ball moves."" Rejected on review, not numerically scored -- the 2 encodes reject."
battery-putting_stroke-fast-3,putting_stroke,yes,,0.000,indeterminate,fast,3,spike/runs/battery/clips/battery-putting_stroke-fast-3,,2,contact_physics|swing_plane,"owner: ""She doesn't address the ball, she practices behind it then never addresses the ball. In the first video, she puts, misses the ball and the ball moves."" Rejected on review, not numerically scored -- the 2 encodes reject."
battery-reaction-alt_h3max_turbo-30,reaction,no,,1.000,pass,alt_h3max_turbo,30,spike/runs/battery/clips/battery-reaction-alt_h3max_turbo-30,0.9661,,,
battery-reaction-alt_h3max_turbo-31,reaction,no,,1.000,pass,alt_h3max_turbo,31,spike/runs/battery/clips/battery-reaction-alt_h3max_turbo-31,0.9744,,,
battery-reaction-alt_h3max_turbo-40,reaction,no,,1.000,indeterminate,alt_h3max_turbo,40,spike/runs/battery/clips/battery-reaction-alt_h3max_turbo-40,0.9485,,,
battery-reaction-alt_h3max_turbo-41,reaction,no,,0.600,pass,alt_h3max_turbo,41,spike/runs/battery/clips/battery-reaction-alt_h3max_turbo-41,0.9747,,,
battery-reaction-fast-0,reaction,no,,1.000,pass,fast,0,spike/runs/battery/clips/battery-reaction-fast-0,0.9659,5,,owner: looks good
battery-reaction-fast-1,reaction,no,,1.000,pass,fast,1,spike/runs/battery/clips/battery-reaction-fast-1,0.9756,,,owner reviewed the take-2 set and flagged only ball_flight and putting_stroke; this clip was not flagged. Not a numeric score.
battery-talking_head_course-alt_h3max_turbo-30,talking_head_course,no,,1.000,indeterminate,alt_h3max_turbo,30,spike/runs/battery/clips/battery-talking_head_course-alt_h3max_turbo-30,0.9569,,,
battery-talking_head_course-alt_h3max_turbo-31,talking_head_course,no,,1.000,pass,alt_h3max_turbo,31,spike/runs/battery/clips/battery-talking_head_course-alt_h3max_turbo-31,0.9641,,,
battery-talking_head_course-alt_h3max_turbo-40,talking_head_course,no,,1.000,pass,alt_h3max_turbo,40,spike/runs/battery/clips/battery-talking_head_course-alt_h3max_turbo-40,0.9725,,,
battery-talking_head_course-alt_h3max_turbo-41,talking_head_course,no,,1.000,pass,alt_h3max_turbo,41,spike/runs/battery/clips/battery-talking_head_course-alt_h3max_turbo-41,0.9748,,,
battery-talking_head_course-alt_h3max_turbo-50,talking_head_course,no,,1.000,indeterminate,alt_h3max_turbo,50,spike/runs/battery/clips/battery-talking_head_course-alt_h3max_turbo-50,0.9434,2,,"owner 2026-09-28: ""Lip sync is off"". The pinned soundtrack is bit-exact but the mouth does not move to it -- target_audio_url muxes audio over the finished video, it does not condition generation. ADR 0005 answered: no, native audio cannot replace the lip-sync stage on this model."
battery-talking_head_course-alt_h3max_turbo-51,talking_head_course,no,,1.000,pass,alt_h3max_turbo,51,spike/runs/battery/clips/battery-talking_head_course-alt_h3max_turbo-51,0.9767,2,,"owner 2026-09-28: ""Lip sync is off"". The pinned soundtrack is bit-exact but the mouth does not move to it -- target_audio_url muxes audio over the finished video, it does not condition generation. ADR 0005 answered: no, native audio cannot replace the lip-sync stage on this model."
battery-talking_head_course-fast-0,talking_head_course,no,,1.000,pass,fast,0,spike/runs/battery/clips/battery-talking_head_course-fast-0,0.9761,5,,owner: looks good
battery-talking_head_course-fast-1,talking_head_course,no,,1.000,indeterminate,fast,1,spike/runs/battery/clips/battery-talking_head_course-fast-1,0.9496,,,owner reviewed the take-2 set and flagged only ball_flight and putting_stroke; this clip was not flagged. Not a numeric score.
battery-walking_fairway-alt_h3max_turbo-30,walking_fairway,no,,0.600,indeterminate,alt_h3max_turbo,30,spike/runs/battery/clips/battery-walking_fairway-alt_h3max_turbo-30,0.9578,,,
battery-walking_fairway-alt_h3max_turbo-31,walking_fairway,no,,0.800,fail,alt_h3max_turbo,31,spike/runs/battery/clips/battery-walking_fairway-alt_h3max_turbo-31,0.9398,,,
battery-walking_fairway-alt_h3max_turbo-40,walking_fairway,no,,0.700,pass,alt_h3max_turbo,40,spike/runs/battery/clips/battery-walking_fairway-alt_h3max_turbo-40,0.9634,,,
battery-walking_fairway-alt_h3max_turbo-41,walking_fairway,no,,0.700,indeterminate,alt_h3max_turbo,41,spike/runs/battery/clips/battery-walking_fairway-alt_h3max_turbo-41,0.9571,,,
battery-walking_fairway-fast-0,walking_fairway,no,,1.000,pass,fast,0,spike/runs/battery/clips/battery-walking_fairway-fast-0,0.9839,5,,owner: looks good
